Divers,Inconnu,T3
Service,Maintenance,T3
ANR ACTION,RAPENNE Gwenaël,T3ANR
ANR CHAMAN,MARTROU David,T3ANR
ANR COLEOPTIX,MITOV Michel,T3ANR
ANR DONNA,BONAFOS Caroline,T3ANR
ANR EdgeFiller,MONTHIOUX Marc,T3ANR
ANR EDIN,JOACHIM Christian,T3ANR
ANR ERANET ORQUID,GOURDON André,T3ANR
ANR FEMTOTEM,ARBOUET Arnaud,T3ANR
ANR HiTiAl,COURET Alain,T3ANR
ANR HYBNAP,DUJARDIN Erik,T3ANR
ANR INSIDEPORES,LECANTE Pierre,T3ANR
ANR IODA,GATEL Christophe,T3ANR
ANR MILF,MASSEBOEUF Aurélien,T3ANR
ANR MQWIRES,GOURDON André,T3ANR
ANR NANOSLIM,BENZO Patrick,T3ANR
ANR RODIN,LEGROS Marc,T3ANR
ANR Synopsis,COURET Alain,T3ANR
BOURSE CIFRE G.NOIRCLER,WAROT Bénédicte,T3
CEFIPRA,BACSA Wolfgang,T3
CIFRE TANDEM,J.Douin F. Pettinari,T3
CONVENTION RECHERCHE PUCMM,MONTHIOUX Marc,T3
Dimension,MLAYAH Adnen,T3
Equipex MIMETIS,SNOECK Etienne,T3
ESTEEM3 TA,SNOECK Etienne,T3
ESTEEM3 JRA ,SNOECK Etienne,T3
EUR ADVENT,HYTCH Mrtin,T3
EUR MEMO,JOACHIM Christian,T3
EUR MUDILINGO,LEGROS Marc,T3
EURATOM M4F,MOMPIOU FREDERIC,T3
Feder Europe Nanodesk,SERIN Virginie,T3
FUI ESSENTIAL,COURET Alain,T3
IA ANR Ganex,MARTROU David,T3
IDEX - LAAS MUSE,WAROT Bénédicte,T3
IRT MetalTechnics,DOUIN Joël,T3
M2OZART,Christophe Gatel,T3
METSA,WAROT Bénédicte,T3
NEXT 2DLight,Paillard Vincent,T3ANR
NEXT ALTIAUTO,COURET Alain,T3ANR
NEXT ASCO,CALMELS Lionel,T3ANR
NEXT BI-3,MLAYAH Adnen,T3ANR
NEXT CAD FREE,WAROT Bénédicte,T3ANR
NEXT CARBOPROBE,MONTHIOUX Marc,T3ANR
NEXT COMPMOL,JOACHIM Christian,T3ANR
NEXT DATA,DOUIN Joël,T3ANR
NEXT ELICO,B.WAROT / R.ARRAS,T3ANR
NEXT METCO,CORATGER ROLAND,T3ANR
NEXT MILO,CUCHE AURELIEN,T3ANR
NEXT MUSE,ARBOUET Arnaud,T3ANR
NEXT OLINOS,BACSA Wolfgang,T3ANR
NEXT OPTIHELICE,BENASSAYAG Gérard,T3ANR
NEXT PRECISION,BENZO Patrick,T3ANR
NEXT STELAIR,BRUNET Magali,T3ANR
NEXT TGLSYS,MAURICOT Robert,T3ANR
Plan Cancer,VERELST MARC,T3
POCTEFA TNSI,LANGLAIS Véronique,T3
